{
	"format_version": "1.8.0",
	"animations": {
		"boomRight": {
			"animation_length": 1.1667,
			"bones": {
				"left_arm": {
					"rotation": {
						"0.0": [0, 0, 0],
						"0.0417": [-4.0778, 1.91936, 0.84751],
						"0.0833": [-13.96409, 6.57271, 2.90223],
						"0.125": [-27.15619, 12.78205, 5.64401],
						"0.2083": [-56.56973, 26.6266, 11.75718],
						"0.25": [-69.76183, 32.83594, 14.49896],
						"0.2917": [-79.64812, 37.48928, 16.55368],
						"0.3333": [-83.72592, 39.40865, 17.40119],
						"0.375": [-81.9012, 39.40865, 17.40119],
						"0.4583": [-63.05064, 39.40865, 17.40119],
						"0.5": [-61.22592, 39.40865, 17.40119],
						"0.5417": [-59.33034, 38.18854, 16.86244],
						"0.5833": [-55.84661, 35.94621, 15.87232],
						"0.625": [-51.73997, 33.30292, 14.70516],
						"0.6667": [-47.29537, 30.44211, 13.44194],
						"0.7083": [-42.64797, 27.45077, 12.1211],
						"0.9167": [-18.57795, 11.95787, 5.28009],
						"0.9583": [-13.93055, 8.96653, 3.95924],
						"1.0": [-9.48595, 6.10572, 2.69603],
						"1.0417": [-5.37931, 3.46244, 1.52887],
						"1.0833": [-1.89558, 1.22011, 0.53875],
						"1.125": [0, 0, 0]
					},
					"position": [0, 0, 0]
				}
			}
		},
		"boomLeft": {
			"animation_length": 1.125,
			"bones": {
				"right_arm": {
					"rotation": {
						"0.0": [0, 0, 0],
						"0.0417": [-4.46796, -1.29792, 0.3887],
						"0.0833": [-14.10097, -4.09626, 1.22673],
						"0.125": [-26.26018, -7.62846, 2.28454],
						"0.1667": [-39.74445, -11.54557, 3.45763],
						"0.25": [-67.88083, -19.71906, 5.90539],
						"0.2917": [-81.3651, -23.63617, 7.07848],
						"0.3333": [-93.52432, -27.16837, 8.13629],
						"0.375": [-103.15732, -29.96671, 8.97432],
						"0.4167": [-107.62528, -31.26463, 9.36302],
						"0.4583": [-105.80056, -31.26463, 9.36302],
						"0.5417": [-86.95, -31.26463, 9.36302],
						"0.5833": [-85.12528, -31.26463, 9.36302],
						"0.625": [-82.0263, -30.12644, 9.02216],
						"0.6667": [-75.84897, -27.85765, 8.34271],
						"0.7083": [-68.31881, -25.09199, 7.51446],
						"0.75": [-60.05961, -22.05856, 6.60602],
						"0.7917": [-51.40104, -18.87847, 5.65366],
						"0.875": [-33.72424, -12.38617, 3.70937],
						"0.9167": [-25.06567, -9.20607, 2.757],
						"0.9583": [-16.80648, -6.17265, 1.84856],
						"1.0": [-9.27631, -3.40698, 1.02031],
						"1.0417": [-3.09898, -1.13819, 0.34086],
						"1.0833": [0, 0, 0]
					},
					"position": {
						"0.0": [0, 0, 0],
						"0.5417": [0, 0, 0],
						"1.0833": [0, 0, 0]
					}
				}
			}
		}
	}
}